paymentTerm,netPaymentTerm,modifiedAt,modifiedBy,createdAt,createdBy,config_ID,config_tableName
3000,N030,,,,,fe184c3b-92c4-4bda-a6cf-aec221d71142,PTM
3005,N030,,,,,fe184c3b-92c4-4bda-a6cf-aec221d71142,PTM
3010,N030,,,,,fe184c3b-92c4-4bda-a6cf-aec221d71142,PTM
3015,N030,,,,,fe184c3b-92c4-4bda-a6cf-aec221d71142,PTM
3020,N030,,,,,fe184c3b-92c4-4bda-a6cf-aec221d71142,PTM
3025,N030,,,,,fe184c3b-92c4-4bda-a6cf-aec221d71142,PTM
3030,N030,,,,,fe184c3b-92c4-4bda-a6cf-aec221d71142,PTM
3035,N030,,,,,fe184c3b-92c4-4bda-a6cf-aec221d71142,PTM
3040,N030,,,,,fe184c3b-92c4-4bda-a6cf-aec221d71142,PTM
3045,N030,,,,,fe184c3b-92c4-4bda-a6cf-aec221d71142,PTM
3050,N030,,,,,fe184c3b-92c4-4bda-a6cf-aec221d71142,PTM
3055,N030,,,,,fe184c3b-92c4-4bda-a6cf-aec221d71142,PTM
3060,N030,,,,,fe184c3b-92c4-4bda-a6cf-aec221d71142,PTM
3065,N030,,,,,fe184c3b-92c4-4bda-a6cf-aec221d71142,PTM
3070,N030,,,,,fe184c3b-92c4-4bda-a6cf-aec221d71142,PTM
3075,N030,,,,,fe184c3b-92c4-4bda-a6cf-aec221d71142,PTM
3080,N030,,,,,fe184c3b-92c4-4bda-a6cf-aec221d71142,PTM
3085,N030,,,,,fe184c3b-92c4-4bda-a6cf-aec221d71142,PTM
3090,N030,,,,,fe184c3b-92c4-4bda-a6cf-aec221d71142,PTM
3095,N030,,,,,fe184c3b-92c4-4bda-a6cf-aec221d71142,PTM
3100,N030,,,,,fe184c3b-92c4-4bda-a6cf-aec221d71142,PTM
3105,N030,,,,,fe184c3b-92c4-4bda-a6cf-aec221d71142,PTM
3110,N030,,,,,fe184c3b-92c4-4bda-a6cf-aec221d71142,PTM
3115,N030,,,,,fe184c3b-92c4-4bda-a6cf-aec221d71142,PTM
3120,N030,,,,,fe184c3b-92c4-4bda-a6cf-aec221d71142,PTM
3125,N030,,,,,fe184c3b-92c4-4bda-a6cf-aec221d71142,PTM
3130,N030,,,,,fe184c3b-92c4-4bda-a6cf-aec221d71142,PTM
3135,N030,,,,,fe184c3b-92c4-4bda-a6cf-aec221d71142,PTM
3145,N030,,,,,fe184c3b-92c4-4bda-a6cf-aec221d71142,PTM
3155,N030,,,,,fe184c3b-92c4-4bda-a6cf-aec221d71142,PTM
3165,N030,,,,,fe184c3b-92c4-4bda-a6cf-aec221d71142,PTM
3175,N030,,,,,fe184c3b-92c4-4bda-a6cf-aec221d71142,PTM
3185,N030,,,,,fe184c3b-92c4-4bda-a6cf-aec221d71142,PTM
3195,N030,,,,,fe184c3b-92c4-4bda-a6cf-aec221d71142,PTM
3205,N030,,,,,fe184c3b-92c4-4bda-a6cf-aec221d71142,PTM
3215,N030,,,,,fe184c3b-92c4-4bda-a6cf-aec221d71142,PTM
3225,N030,,,,,fe184c3b-92c4-4bda-a6cf-aec221d71142,PTM
3235,N030,,,,,fe184c3b-92c4-4bda-a6cf-aec221d71142,PTM
3245,N030,,,,,fe184c3b-92c4-4bda-a6cf-aec221d71142,PTM
3255,N030,,,,,fe184c3b-92c4-4bda-a6cf-aec221d71142,PTM
3265,N030,,,,,fe184c3b-92c4-4bda-a6cf-aec221d71142,PTM
3275,N030,,,,,fe184c3b-92c4-4bda-a6cf-aec221d71142,PTM
3285,N030,,,,,fe184c3b-92c4-4bda-a6cf-aec221d71142,PTM
3295,N030,,,,,fe184c3b-92c4-4bda-a6cf-aec221d71142,PTM
3305,N030,,,,,fe184c3b-92c4-4bda-a6cf-aec221d71142,PTM
3315,N030,,,,,fe184c3b-92c4-4bda-a6cf-aec221d71142,PTM
3325,N030,,,,,fe184c3b-92c4-4bda-a6cf-aec221d71142,PTM
3335,N030,,,,,fe184c3b-92c4-4bda-a6cf-aec221d71142,PTM
3345,N030,,,,,fe184c3b-92c4-4bda-a6cf-aec221d71142,PTM
3355,N030,,,,,fe184c3b-92c4-4bda-a6cf-aec221d71142,PTM
3365,N030,,,,,fe184c3b-92c4-4bda-a6cf-aec221d71142,PTM
3375,N030,,,,,fe184c3b-92c4-4bda-a6cf-aec221d71142,PTM
3385,N030,,,,,fe184c3b-92c4-4bda-a6cf-aec221d71142,PTM
3395,N030,,,,,fe184c3b-92c4-4bda-a6cf-aec221d71142,PTM
3405,N030,,,,,fe184c3b-92c4-4bda-a6cf-aec221d71142,PTM
3410,N030,,,,,fe184c3b-92c4-4bda-a6cf-aec221d71142,PTM
3415,N030,,,,,fe184c3b-92c4-4bda-a6cf-aec221d71142,PTM
3500,N035,,,,,fe184c3b-92c4-4bda-a6cf-aec221d71142,PTM
3505,N035,,,,,fe184c3b-92c4-4bda-a6cf-aec221d71142,PTM
3510,N035,,,,,fe184c3b-92c4-4bda-a6cf-aec221d71142,PTM
4500,N045,,,,,fe184c3b-92c4-4bda-a6cf-aec221d71142,PTM
4505,N045,,,,,fe184c3b-92c4-4bda-a6cf-aec221d71142,PTM
4510,N045,,,,,fe184c3b-92c4-4bda-a6cf-aec221d71142,PTM
4515,N045,,,,,fe184c3b-92c4-4bda-a6cf-aec221d71142,PTM
4520,N045,,,,,fe184c3b-92c4-4bda-a6cf-aec221d71142,PTM
4525,N045,,,,,fe184c3b-92c4-4bda-a6cf-aec221d71142,PTM
4530,N045,,,,,fe184c3b-92c4-4bda-a6cf-aec221d71142,PTM
4535,N045,,,,,fe184c3b-92c4-4bda-a6cf-aec221d71142,PTM
4540,N045,,,,,fe184c3b-92c4-4bda-a6cf-aec221d71142,PTM
4545,N045,,,,,fe184c3b-92c4-4bda-a6cf-aec221d71142,PTM
4550,N045,,,,,fe184c3b-92c4-4bda-a6cf-aec221d71142,PTM
4555,N045,,,,,fe184c3b-92c4-4bda-a6cf-aec221d71142,PTM
4560,N045,,,,,fe184c3b-92c4-4bda-a6cf-aec221d71142,PTM
4565,N045,,,,,fe184c3b-92c4-4bda-a6cf-aec221d71142,PTM
4570,N045,,,,,fe184c3b-92c4-4bda-a6cf-aec221d71142,PTM
4575,N045,,,,,fe184c3b-92c4-4bda-a6cf-aec221d71142,PTM
4580,N045,,,,,fe184c3b-92c4-4bda-a6cf-aec221d71142,PTM
4585,N045,,,,,fe184c3b-92c4-4bda-a6cf-aec221d71142,PTM
4590,N045,,,,,fe184c3b-92c4-4bda-a6cf-aec221d71142,PTM
4595,N045,,,,,fe184c3b-92c4-4bda-a6cf-aec221d71142,PTM
4600,N045,,,,,fe184c3b-92c4-4bda-a6cf-aec221d71142,PTM
4605,N045,,,,,fe184c3b-92c4-4bda-a6cf-aec221d71142,PTM
4610,N045,,,,,fe184c3b-92c4-4bda-a6cf-aec221d71142,PTM
4615,N045,,,,,fe184c3b-92c4-4bda-a6cf-aec221d71142,PTM
4620,N045,,,,,fe184c3b-92c4-4bda-a6cf-aec221d71142,PTM
4625,N045,,,,,fe184c3b-92c4-4bda-a6cf-aec221d71142,PTM
4630,N045,,,,,fe184c3b-92c4-4bda-a6cf-aec221d71142,PTM
4635,N045,,,,,fe184c3b-92c4-4bda-a6cf-aec221d71142,PTM
4640,N045,,,,,fe184c3b-92c4-4bda-a6cf-aec221d71142,PTM
4645,N045,,,,,fe184c3b-92c4-4bda-a6cf-aec221d71142,PTM
4650,N045,,,,,fe184c3b-92c4-4bda-a6cf-aec221d71142,PTM
4655,N045,,,,,fe184c3b-92c4-4bda-a6cf-aec221d71142,PTM
4660,N045,,,,,fe184c3b-92c4-4bda-a6cf-aec221d71142,PTM
4665,N045,,,,,fe184c3b-92c4-4bda-a6cf-aec221d71142,PTM
4670,N045,,,,,fe184c3b-92c4-4bda-a6cf-aec221d71142,PTM
4675,N045,,,,,fe184c3b-92c4-4bda-a6cf-aec221d71142,PTM
4680,N045,,,,,fe184c3b-92c4-4bda-a6cf-aec221d71142,PTM
4685,N045,,,,,fe184c3b-92c4-4bda-a6cf-aec221d71142,PTM
4690,N045,,,,,fe184c3b-92c4-4bda-a6cf-aec221d71142,PTM
4695,N045,,,,,fe184c3b-92c4-4bda-a6cf-aec221d71142,PTM
4700,N045,,,,,fe184c3b-92c4-4bda-a6cf-aec221d71142,PTM
4705,N045,,,,,fe184c3b-92c4-4bda-a6cf-aec221d71142,PTM
4710,N045,,,,,fe184c3b-92c4-4bda-a6cf-aec221d71142,PTM
4715,N045,,,,,fe184c3b-92c4-4bda-a6cf-aec221d71142,PTM
4720,N045,,,,,fe184c3b-92c4-4bda-a6cf-aec221d71142,PTM
4725,N045,,,,,fe184c3b-92c4-4bda-a6cf-aec221d71142,PTM
4730,N045,,,,,fe184c3b-92c4-4bda-a6cf-aec221d71142,PTM
4735,N045,,,,,fe184c3b-92c4-4bda-a6cf-aec221d71142,PTM
4740,N045,,,,,fe184c3b-92c4-4bda-a6cf-aec221d71142,PTM
4745,N045,,,,,fe184c3b-92c4-4bda-a6cf-aec221d71142,PTM
4750,N045,,,,,fe184c3b-92c4-4bda-a6cf-aec221d71142,PTM
4755,N045,,,,,fe184c3b-92c4-4bda-a6cf-aec221d71142,PTM
4760,N045,,,,,fe184c3b-92c4-4bda-a6cf-aec221d71142,PTM
4765,N045,,,,,fe184c3b-92c4-4bda-a6cf-aec221d71142,PTM
4770,N045,,,,,fe184c3b-92c4-4bda-a6cf-aec221d71142,PTM
4775,N045,,,,,fe184c3b-92c4-4bda-a6cf-aec221d71142,PTM
5000,N050,,,,,fe184c3b-92c4-4bda-a6cf-aec221d71142,PTM
5005,N050,,,,,fe184c3b-92c4-4bda-a6cf-aec221d71142,PTM
5010,N050,,,,,fe184c3b-92c4-4bda-a6cf-aec221d71142,PTM
5015,N050,,,,,fe184c3b-92c4-4bda-a6cf-aec221d71142,PTM
5020,N050,,,,,fe184c3b-92c4-4bda-a6cf-aec221d71142,PTM
5025,N050,,,,,fe184c3b-92c4-4bda-a6cf-aec221d71142,PTM
5030,N050,,,,,fe184c3b-92c4-4bda-a6cf-aec221d71142,PTM
5035,N050,,,,,fe184c3b-92c4-4bda-a6cf-aec221d71142,PTM
5040,N050,,,,,fe184c3b-92c4-4bda-a6cf-aec221d71142,PTM
5045,N050,,,,,fe184c3b-92c4-4bda-a6cf-aec221d71142,PTM
5050,N050,,,,,fe184c3b-92c4-4bda-a6cf-aec221d71142,PTM
5055,N050,,,,,fe184c3b-92c4-4bda-a6cf-aec221d71142,PTM
5060,N050,,,,,fe184c3b-92c4-4bda-a6cf-aec221d71142,PTM
5065,N050,,,,,fe184c3b-92c4-4bda-a6cf-aec221d71142,PTM
5070,N050,,,,,fe184c3b-92c4-4bda-a6cf-aec221d71142,PTM
5075,N050,,,,,fe184c3b-92c4-4bda-a6cf-aec221d71142,PTM
5080,N050,,,,,fe184c3b-92c4-4bda-a6cf-aec221d71142,PTM
5085,N050,,,,,fe184c3b-92c4-4bda-a6cf-aec221d71142,PTM
5090,N050,,,,,fe184c3b-92c4-4bda-a6cf-aec221d71142,PTM
5095,N050,,,,,fe184c3b-92c4-4bda-a6cf-aec221d71142,PTM
5100,N050,,,,,fe184c3b-92c4-4bda-a6cf-aec221d71142,PTM
5105,N050,,,,,fe184c3b-92c4-4bda-a6cf-aec221d71142,PTM
5110,N050,,,,,fe184c3b-92c4-4bda-a6cf-aec221d71142,PTM
5115,N050,,,,,fe184c3b-92c4-4bda-a6cf-aec221d71142,PTM
5120,N050,,,,,fe184c3b-92c4-4bda-a6cf-aec221d71142,PTM
5125,N050,,,,,fe184c3b-92c4-4bda-a6cf-aec221d71142,PTM
5130,N050,,,,,fe184c3b-92c4-4bda-a6cf-aec221d71142,PTM
5135,N050,,,,,fe184c3b-92c4-4bda-a6cf-aec221d71142,PTM
5140,N050,,,,,fe184c3b-92c4-4bda-a6cf-aec221d71142,PTM
5145,N050,,,,,fe184c3b-92c4-4bda-a6cf-aec221d71142,PTM
5150,N050,,,,,fe184c3b-92c4-4bda-a6cf-aec221d71142,PTM
5155,N050,,,,,fe184c3b-92c4-4bda-a6cf-aec221d71142,PTM
5160,N050,,,,,fe184c3b-92c4-4bda-a6cf-aec221d71142,PTM
5165,N050,,,,,fe184c3b-92c4-4bda-a6cf-aec221d71142,PTM
5170,N050,,,,,fe184c3b-92c4-4bda-a6cf-aec221d71142,PTM
5175,N050,,,,,fe184c3b-92c4-4bda-a6cf-aec221d71142,PTM
5180,N050,,,,,fe184c3b-92c4-4bda-a6cf-aec221d71142,PTM
5185,N050,,,,,fe184c3b-92c4-4bda-a6cf-aec221d71142,PTM
5190,N050,,,,,fe184c3b-92c4-4bda-a6cf-aec221d71142,PTM
5195,N050,,,,,fe184c3b-92c4-4bda-a6cf-aec221d71142,PTM
5200,N050,,,,,fe184c3b-92c4-4bda-a6cf-aec221d71142,PTM
5205,N050,,,,,fe184c3b-92c4-4bda-a6cf-aec221d71142,PTM
5210,N050,,,,,fe184c3b-92c4-4bda-a6cf-aec221d71142,PTM
5215,N050,,,,,fe184c3b-92c4-4bda-a6cf-aec221d71142,PTM
5220,N050,,,,,fe184c3b-92c4-4bda-a6cf-aec221d71142,PTM
5225,N050,,,,,fe184c3b-92c4-4bda-a6cf-aec221d71142,PTM
5230,N050,,,,,fe184c3b-92c4-4bda-a6cf-aec221d71142,PTM
5235,N050,,,,,fe184c3b-92c4-4bda-a6cf-aec221d71142,PTM
5240,N050,,,,,fe184c3b-92c4-4bda-a6cf-aec221d71142,PTM
5245,N050,,,,,fe184c3b-92c4-4bda-a6cf-aec221d71142,PTM
5250,N050,,,,,fe184c3b-92c4-4bda-a6cf-aec221d71142,PTM
5255,N050,,,,,fe184c3b-92c4-4bda-a6cf-aec221d71142,PTM
5260,N050,,,,,fe184c3b-92c4-4bda-a6cf-aec221d71142,PTM
5265,N050,,,,,fe184c3b-92c4-4bda-a6cf-aec221d71142,PTM
5270,N050,,,,,fe184c3b-92c4-4bda-a6cf-aec221d71142,PTM
5275,N050,,,,,fe184c3b-92c4-4bda-a6cf-aec221d71142,PTM
5500,N055,,,,,fe184c3b-92c4-4bda-a6cf-aec221d71142,PTM
5505,N055,,,,,fe184c3b-92c4-4bda-a6cf-aec221d71142,PTM
5510,N055,,,,,fe184c3b-92c4-4bda-a6cf-aec221d71142,PTM
5515,N055,,,,,fe184c3b-92c4-4bda-a6cf-aec221d71142,PTM
5520,N055,,,,,fe184c3b-92c4-4bda-a6cf-aec221d71142,PTM
5525,N055,,,,,fe184c3b-92c4-4bda-a6cf-aec221d71142,PTM
5530,N055,,,,,fe184c3b-92c4-4bda-a6cf-aec221d71142,PTM
5535,N055,,,,,fe184c3b-92c4-4bda-a6cf-aec221d71142,PTM
5540,N055,,,,,fe184c3b-92c4-4bda-a6cf-aec221d71142,PTM
5545,N055,,,,,fe184c3b-92c4-4bda-a6cf-aec221d71142,PTM
5550,N055,,,,,fe184c3b-92c4-4bda-a6cf-aec221d71142,PTM
5555,N055,,,,,fe184c3b-92c4-4bda-a6cf-aec221d71142,PTM
5560,N055,,,,,fe184c3b-92c4-4bda-a6cf-aec221d71142,PTM
5565,N055,,,,,fe184c3b-92c4-4bda-a6cf-aec221d71142,PTM
5570,N055,,,,,fe184c3b-92c4-4bda-a6cf-aec221d71142,PTM
5575,N055,,,,,fe184c3b-92c4-4bda-a6cf-aec221d71142,PTM
5580,N055,,,,,fe184c3b-92c4-4bda-a6cf-aec221d71142,PTM
5585,N055,,,,,fe184c3b-92c4-4bda-a6cf-aec221d71142,PTM
5590,N055,,,,,fe184c3b-92c4-4bda-a6cf-aec221d71142,PTM
5595,N055,,,,,fe184c3b-92c4-4bda-a6cf-aec221d71142,PTM
5600,N055,,,,,fe184c3b-92c4-4bda-a6cf-aec221d71142,PTM
5605,N055,,,,,fe184c3b-92c4-4bda-a6cf-aec221d71142,PTM
5610,N055,,,,,fe184c3b-92c4-4bda-a6cf-aec221d71142,PTM
5615,N055,,,,,fe184c3b-92c4-4bda-a6cf-aec221d71142,PTM
5620,N055,,,,,fe184c3b-92c4-4bda-a6cf-aec221d71142,PTM
5625,N055,,,,,fe184c3b-92c4-4bda-a6cf-aec221d71142,PTM
5630,N055,,,,,fe184c3b-92c4-4bda-a6cf-aec221d71142,PTM
5635,N055,,,,,fe184c3b-92c4-4bda-a6cf-aec221d71142,PTM
5640,N055,,,,,fe184c3b-92c4-4bda-a6cf-aec221d71142,PTM
5645,N055,,,,,fe184c3b-92c4-4bda-a6cf-aec221d71142,PTM
5650,N055,,,,,fe184c3b-92c4-4bda-a6cf-aec221d71142,PTM
5655,N055,,,,,fe184c3b-92c4-4bda-a6cf-aec221d71142,PTM
5660,N055,,,,,fe184c3b-92c4-4bda-a6cf-aec221d71142,PTM
5665,N055,,,,,fe184c3b-92c4-4bda-a6cf-aec221d71142,PTM
5670,N055,,,,,fe184c3b-92c4-4bda-a6cf-aec221d71142,PTM
5675,N055,,,,,fe184c3b-92c4-4bda-a6cf-aec221d71142,PTM
5680,N055,,,,,fe184c3b-92c4-4bda-a6cf-aec221d71142,PTM
5685,N055,,,,,fe184c3b-92c4-4bda-a6cf-aec221d71142,PTM
5690,N055,,,,,fe184c3b-92c4-4bda-a6cf-aec221d71142,PTM
5695,N055,,,,,fe184c3b-92c4-4bda-a6cf-aec221d71142,PTM
5700,N055,,,,,fe184c3b-92c4-4bda-a6cf-aec221d71142,PTM
5705,N055,,,,,fe184c3b-92c4-4bda-a6cf-aec221d71142,PTM
5710,N055,,,,,fe184c3b-92c4-4bda-a6cf-aec221d71142,PTM
5715,N055,,,,,fe184c3b-92c4-4bda-a6cf-aec221d71142,PTM
5720,N055,,,,,fe184c3b-92c4-4bda-a6cf-aec221d71142,PTM
5725,N055,,,,,fe184c3b-92c4-4bda-a6cf-aec221d71142,PTM
5730,N055,,,,,fe184c3b-92c4-4bda-a6cf-aec221d71142,PTM
5735,N055,,,,,fe184c3b-92c4-4bda-a6cf-aec221d71142,PTM
5740,N055,,,,,fe184c3b-92c4-4bda-a6cf-aec221d71142,PTM
5745,N055,,,,,fe184c3b-92c4-4bda-a6cf-aec221d71142,PTM
5750,N055,,,,,fe184c3b-92c4-4bda-a6cf-aec221d71142,PTM
5755,N055,,,,,fe184c3b-92c4-4bda-a6cf-aec221d71142,PTM
5760,N055,,,,,fe184c3b-92c4-4bda-a6cf-aec221d71142,PTM
5765,N055,,,,,fe184c3b-92c4-4bda-a6cf-aec221d71142,PTM
5770,N055,,,,,fe184c3b-92c4-4bda-a6cf-aec221d71142,PTM
5775,N055,,,,,fe184c3b-92c4-4bda-a6cf-aec221d71142,PTM
6000,N060,,,,,fe184c3b-92c4-4bda-a6cf-aec221d71142,PTM
6005,N060,,,,,fe184c3b-92c4-4bda-a6cf-aec221d71142,PTM
6010,N060,,,,,fe184c3b-92c4-4bda-a6cf-aec221d71142,PTM
6015,N060,,,,,fe184c3b-92c4-4bda-a6cf-aec221d71142,PTM
6020,N060,,,,,fe184c3b-92c4-4bda-a6cf-aec221d71142,PTM
6025,N060,,,,,fe184c3b-92c4-4bda-a6cf-aec221d71142,PTM
6030,N060,,,,,fe184c3b-92c4-4bda-a6cf-aec221d71142,PTM
6035,N060,,,,,fe184c3b-92c4-4bda-a6cf-aec221d71142,PTM
6040,N060,,,,,fe184c3b-92c4-4bda-a6cf-aec221d71142,PTM
6045,N060,,,,,fe184c3b-92c4-4bda-a6cf-aec221d71142,PTM
6050,N060,,,,,fe184c3b-92c4-4bda-a6cf-aec221d71142,PTM
6055,N060,,,,,fe184c3b-92c4-4bda-a6cf-aec221d71142,PTM
6060,N060,,,,,fe184c3b-92c4-4bda-a6cf-aec221d71142,PTM
6065,N060,,,,,fe184c3b-92c4-4bda-a6cf-aec221d71142,PTM
6070,N060,,,,,fe184c3b-92c4-4bda-a6cf-aec221d71142,PTM
6075,N060,,,,,fe184c3b-92c4-4bda-a6cf-aec221d71142,PTM
6080,N060,,,,,fe184c3b-92c4-4bda-a6cf-aec221d71142,PTM
6085,N060,,,,,fe184c3b-92c4-4bda-a6cf-aec221d71142,PTM
6090,N060,,,,,fe184c3b-92c4-4bda-a6cf-aec221d71142,PTM
6095,N060,,,,,fe184c3b-92c4-4bda-a6cf-aec221d71142,PTM
6100,N060,,,,,fe184c3b-92c4-4bda-a6cf-aec221d71142,PTM
6105,N060,,,,,fe184c3b-92c4-4bda-a6cf-aec221d71142,PTM
6110,N060,,,,,fe184c3b-92c4-4bda-a6cf-aec221d71142,PTM
6115,N060,,,,,fe184c3b-92c4-4bda-a6cf-aec221d71142,PTM
6120,N060,,,,,fe184c3b-92c4-4bda-a6cf-aec221d71142,PTM
6125,N060,,,,,fe184c3b-92c4-4bda-a6cf-aec221d71142,PTM
6130,N060,,,,,fe184c3b-92c4-4bda-a6cf-aec221d71142,PTM
6135,N060,,,,,fe184c3b-92c4-4bda-a6cf-aec221d71142,PTM
6140,N060,,,,,fe184c3b-92c4-4bda-a6cf-aec221d71142,PTM
6145,N060,,,,,fe184c3b-92c4-4bda-a6cf-aec221d71142,PTM
6150,N060,,,,,fe184c3b-92c4-4bda-a6cf-aec221d71142,PTM
6155,N060,,,,,fe184c3b-92c4-4bda-a6cf-aec221d71142,PTM
6160,N060,,,,,fe184c3b-92c4-4bda-a6cf-aec221d71142,PTM
6165,N060,,,,,fe184c3b-92c4-4bda-a6cf-aec221d71142,PTM
6170,N060,,,,,fe184c3b-92c4-4bda-a6cf-aec221d71142,PTM
6175,N060,,,,,fe184c3b-92c4-4bda-a6cf-aec221d71142,PTM
6180,N060,,,,,fe184c3b-92c4-4bda-a6cf-aec221d71142,PTM
6185,N060,,,,,fe184c3b-92c4-4bda-a6cf-aec221d71142,PTM
6190,N060,,,,,fe184c3b-92c4-4bda-a6cf-aec221d71142,PTM
6195,N060,,,,,fe184c3b-92c4-4bda-a6cf-aec221d71142,PTM
6200,N060,,,,,fe184c3b-92c4-4bda-a6cf-aec221d71142,PTM
6205,N060,,,,,fe184c3b-92c4-4bda-a6cf-aec221d71142,PTM
6210,N060,,,,,fe184c3b-92c4-4bda-a6cf-aec221d71142,PTM
6215,N060,,,,,fe184c3b-92c4-4bda-a6cf-aec221d71142,PTM
6220,N060,,,,,fe184c3b-92c4-4bda-a6cf-aec221d71142,PTM
6225,N060,,,,,fe184c3b-92c4-4bda-a6cf-aec221d71142,PTM
6230,N060,,,,,fe184c3b-92c4-4bda-a6cf-aec221d71142,PTM
6235,N060,,,,,fe184c3b-92c4-4bda-a6cf-aec221d71142,PTM
6240,N060,,,,,fe184c3b-92c4-4bda-a6cf-aec221d71142,PTM
6245,N060,,,,,fe184c3b-92c4-4bda-a6cf-aec221d71142,PTM
6250,N060,,,,,fe184c3b-92c4-4bda-a6cf-aec221d71142,PTM
6255,N060,,,,,fe184c3b-92c4-4bda-a6cf-aec221d71142,PTM
6260,N060,,,,,fe184c3b-92c4-4bda-a6cf-aec221d71142,PTM
6265,N060,,,,,fe184c3b-92c4-4bda-a6cf-aec221d71142,PTM
6270,N060,,,,,fe184c3b-92c4-4bda-a6cf-aec221d71142,PTM
6275,N060,,,,,fe184c3b-92c4-4bda-a6cf-aec221d71142,PTM
6500,N065,,,,,fe184c3b-92c4-4bda-a6cf-aec221d71142,PTM
6505,N065,,,,,fe184c3b-92c4-4bda-a6cf-aec221d71142,PTM
7500,N075,,,,,fe184c3b-92c4-4bda-a6cf-aec221d71142,PTM
7505,N075,,,,,fe184c3b-92c4-4bda-a6cf-aec221d71142,PTM
7510,N075,,,,,fe184c3b-92c4-4bda-a6cf-aec221d71142,PTM
7515,N075,,,,,fe184c3b-92c4-4bda-a6cf-aec221d71142,PTM
7520,N075,,,,,fe184c3b-92c4-4bda-a6cf-aec221d71142,PTM
7525,N075,,,,,fe184c3b-92c4-4bda-a6cf-aec221d71142,PTM
7530,N075,,,,,fe184c3b-92c4-4bda-a6cf-aec221d71142,PTM
7535,N075,,,,,fe184c3b-92c4-4bda-a6cf-aec221d71142,PTM
7540,N075,,,,,fe184c3b-92c4-4bda-a6cf-aec221d71142,PTM
7545,N075,,,,,fe184c3b-92c4-4bda-a6cf-aec221d71142,PTM
7550,N075,,,,,fe184c3b-92c4-4bda-a6cf-aec221d71142,PTM
7555,N075,,,,,fe184c3b-92c4-4bda-a6cf-aec221d71142,PTM
7560,N075,,,,,fe184c3b-92c4-4bda-a6cf-aec221d71142,PTM
7565,N075,,,,,fe184c3b-92c4-4bda-a6cf-aec221d71142,PTM
7570,N075,,,,,fe184c3b-92c4-4bda-a6cf-aec221d71142,PTM
7575,N075,,,,,fe184c3b-92c4-4bda-a6cf-aec221d71142,PTM
7580,N075,,,,,fe184c3b-92c4-4bda-a6cf-aec221d71142,PTM
7585,N075,,,,,fe184c3b-92c4-4bda-a6cf-aec221d71142,PTM
7590,N075,,,,,fe184c3b-92c4-4bda-a6cf-aec221d71142,PTM
7595,N075,,,,,fe184c3b-92c4-4bda-a6cf-aec221d71142,PTM
7600,N075,,,,,fe184c3b-92c4-4bda-a6cf-aec221d71142,PTM
7605,N075,,,,,fe184c3b-92c4-4bda-a6cf-aec221d71142,PTM
7610,N075,,,,,fe184c3b-92c4-4bda-a6cf-aec221d71142,PTM
7615,N075,,,,,fe184c3b-92c4-4bda-a6cf-aec221d71142,PTM
7620,N075,,,,,fe184c3b-92c4-4bda-a6cf-aec221d71142,PTM
7625,N075,,,,,fe184c3b-92c4-4bda-a6cf-aec221d71142,PTM
7630,N075,,,,,fe184c3b-92c4-4bda-a6cf-aec221d71142,PTM
7635,N075,,,,,fe184c3b-92c4-4bda-a6cf-aec221d71142,PTM
7640,N075,,,,,fe184c3b-92c4-4bda-a6cf-aec221d71142,PTM
7645,N075,,,,,fe184c3b-92c4-4bda-a6cf-aec221d71142,PTM
7650,N075,,,,,fe184c3b-92c4-4bda-a6cf-aec221d71142,PTM
7655,N075,,,,,fe184c3b-92c4-4bda-a6cf-aec221d71142,PTM
7660,N075,,,,,fe184c3b-92c4-4bda-a6cf-aec221d71142,PTM
7665,N075,,,,,fe184c3b-92c4-4bda-a6cf-aec221d71142,PTM
7670,N075,,,,,fe184c3b-92c4-4bda-a6cf-aec221d71142,PTM
7675,N075,,,,,fe184c3b-92c4-4bda-a6cf-aec221d71142,PTM
7680,N075,,,,,fe184c3b-92c4-4bda-a6cf-aec221d71142,PTM
7685,N075,,,,,fe184c3b-92c4-4bda-a6cf-aec221d71142,PTM
7690,N075,,,,,fe184c3b-92c4-4bda-a6cf-aec221d71142,PTM
7695,N075,,,,,fe184c3b-92c4-4bda-a6cf-aec221d71142,PTM
7700,N075,,,,,fe184c3b-92c4-4bda-a6cf-aec221d71142,PTM
7705,N075,,,,,fe184c3b-92c4-4bda-a6cf-aec221d71142,PTM
7710,N075,,,,,fe184c3b-92c4-4bda-a6cf-aec221d71142,PTM
7715,N075,,,,,fe184c3b-92c4-4bda-a6cf-aec221d71142,PTM
7720,N075,,,,,fe184c3b-92c4-4bda-a6cf-aec221d71142,PTM
7725,N075,,,,,fe184c3b-92c4-4bda-a6cf-aec221d71142,PTM
7730,N075,,,,,fe184c3b-92c4-4bda-a6cf-aec221d71142,PTM
7735,N075,,,,,fe184c3b-92c4-4bda-a6cf-aec221d71142,PTM
7740,N075,,,,,fe184c3b-92c4-4bda-a6cf-aec221d71142,PTM
7745,N075,,,,,fe184c3b-92c4-4bda-a6cf-aec221d71142,PTM
7750,N075,,,,,fe184c3b-92c4-4bda-a6cf-aec221d71142,PTM
7755,N075,,,,,fe184c3b-92c4-4bda-a6cf-aec221d71142,PTM
7760,N075,,,,,fe184c3b-92c4-4bda-a6cf-aec221d71142,PTM
7765,N075,,,,,fe184c3b-92c4-4bda-a6cf-aec221d71142,PTM
7770,N075,,,,,fe184c3b-92c4-4bda-a6cf-aec221d71142,PTM
7775,N075,,,,,fe184c3b-92c4-4bda-a6cf-aec221d71142,PTM
9000,N090,,,,,fe184c3b-92c4-4bda-a6cf-aec221d71142,PTM
9005,N090,,,,,fe184c3b-92c4-4bda-a6cf-aec221d71142,PTM
9010,N090,,,,,fe184c3b-92c4-4bda-a6cf-aec221d71142,PTM
9015,N090,,,,,fe184c3b-92c4-4bda-a6cf-aec221d71142,PTM
9020,N090,,,,,fe184c3b-92c4-4bda-a6cf-aec221d71142,PTM
9025,N090,,,,,fe184c3b-92c4-4bda-a6cf-aec221d71142,PTM
9030,N090,,,,,fe184c3b-92c4-4bda-a6cf-aec221d71142,PTM
9035,N090,,,,,fe184c3b-92c4-4bda-a6cf-aec221d71142,PTM
9040,N090,,,,,fe184c3b-92c4-4bda-a6cf-aec221d71142,PTM
9045,N090,,,,,fe184c3b-92c4-4bda-a6cf-aec221d71142,PTM
9050,N090,,,,,fe184c3b-92c4-4bda-a6cf-aec221d71142,PTM
9055,N090,,,,,fe184c3b-92c4-4bda-a6cf-aec221d71142,PTM
9060,N090,,,,,fe184c3b-92c4-4bda-a6cf-aec221d71142,PTM
9065,N090,,,,,fe184c3b-92c4-4bda-a6cf-aec221d71142,PTM
9070,N090,,,,,fe184c3b-92c4-4bda-a6cf-aec221d71142,PTM
9075,N090,,,,,fe184c3b-92c4-4bda-a6cf-aec221d71142,PTM
9080,N090,,,,,fe184c3b-92c4-4bda-a6cf-aec221d71142,PTM
9085,N090,,,,,fe184c3b-92c4-4bda-a6cf-aec221d71142,PTM
9090,N090,,,,,fe184c3b-92c4-4bda-a6cf-aec221d71142,PTM
9095,N090,,,,,fe184c3b-92c4-4bda-a6cf-aec221d71142,PTM
9100,N090,,,,,fe184c3b-92c4-4bda-a6cf-aec221d71142,PTM
9105,N090,,,,,fe184c3b-92c4-4bda-a6cf-aec221d71142,PTM
9110,N090,,,,,fe184c3b-92c4-4bda-a6cf-aec221d71142,PTM
9115,N090,,,,,fe184c3b-92c4-4bda-a6cf-aec221d71142,PTM
9120,N090,,,,,fe184c3b-92c4-4bda-a6cf-aec221d71142,PTM
9125,N090,,,,,fe184c3b-92c4-4bda-a6cf-aec221d71142,PTM
9130,N090,,,,,fe184c3b-92c4-4bda-a6cf-aec221d71142,PTM
9135,N090,,,,,fe184c3b-92c4-4bda-a6cf-aec221d71142,PTM
9140,N090,,,,,fe184c3b-92c4-4bda-a6cf-aec221d71142,PTM
9145,N090,,,,,fe184c3b-92c4-4bda-a6cf-aec221d71142,PTM
9150,N090,,,,,fe184c3b-92c4-4bda-a6cf-aec221d71142,PTM
9155,N090,,,,,fe184c3b-92c4-4bda-a6cf-aec221d71142,PTM
9160,N090,,,,,fe184c3b-92c4-4bda-a6cf-aec221d71142,PTM
9165,N090,,,,,fe184c3b-92c4-4bda-a6cf-aec221d71142,PTM
9170,N090,,,,,fe184c3b-92c4-4bda-a6cf-aec221d71142,PTM
9175,N090,,,,,fe184c3b-92c4-4bda-a6cf-aec221d71142,PTM
9180,N090,,,,,fe184c3b-92c4-4bda-a6cf-aec221d71142,PTM
9185,N090,,,,,fe184c3b-92c4-4bda-a6cf-aec221d71142,PTM
9190,N090,,,,,fe184c3b-92c4-4bda-a6cf-aec221d71142,PTM
9195,N090,,,,,fe184c3b-92c4-4bda-a6cf-aec221d71142,PTM
9200,N090,,,,,fe184c3b-92c4-4bda-a6cf-aec221d71142,PTM
9205,N090,,,,,fe184c3b-92c4-4bda-a6cf-aec221d71142,PTM
9210,N090,,,,,fe184c3b-92c4-4bda-a6cf-aec221d71142,PTM
9215,N090,,,,,fe184c3b-92c4-4bda-a6cf-aec221d71142,PTM
9220,N090,,,,,fe184c3b-92c4-4bda-a6cf-aec221d71142,PTM
9225,N090,,,,,fe184c3b-92c4-4bda-a6cf-aec221d71142,PTM
9230,N090,,,,,fe184c3b-92c4-4bda-a6cf-aec221d71142,PTM
9235,N090,,,,,fe184c3b-92c4-4bda-a6cf-aec221d71142,PTM
9240,N090,,,,,fe184c3b-92c4-4bda-a6cf-aec221d71142,PTM
9245,N090,,,,,fe184c3b-92c4-4bda-a6cf-aec221d71142,PTM
9250,N090,,,,,fe184c3b-92c4-4bda-a6cf-aec221d71142,PTM
9255,N090,,,,,fe184c3b-92c4-4bda-a6cf-aec221d71142,PTM
9260,N090,,,,,fe184c3b-92c4-4bda-a6cf-aec221d71142,PTM
9265,N090,,,,,fe184c3b-92c4-4bda-a6cf-aec221d71142,PTM
9270,N090,,,,,fe184c3b-92c4-4bda-a6cf-aec221d71142,PTM
9275,N090,,,,,fe184c3b-92c4-4bda-a6cf-aec221d71142,PTM
9500,N095,,,,,fe184c3b-92c4-4bda-a6cf-aec221d71142,PTM
9505,N095,,,,,fe184c3b-92c4-4bda-a6cf-aec221d71142,PTM